feature,mean_abs_shap,direction_corr
NumOfProducts,0.1285418807929897,-0.3444415230593609
Age,0.1276991309297695,0.80980075303711
IsActiveMember,0.06027138701523705,-0.8957603589937063
Balance,0.031203139340551456,0.6130539306823626
Gender_Female,0.028820562230083308,0.9403783316906863
Geography_Germany,0.025661537913468754,0.8059569418292352
balance_salary_ratio,0.016764969154559908,-0.0591115100455016
EstimatedSalary,0.00945151442726192,0.12189966886703031
CreditScore,0.008493222852236366,-0.7956175388037433
zero_balance,0.006717552233689088,-0.8670610305970973
Tenure,0.00525160879375862,-0.7787419866293221
Point Earned,0.005247481134104235,-0.5247424266759321
Card Type_GOLD,0.0037601948584930476,-0.7545033538512608
products_per_tenure_year,0.002359362959821277,0.37412522364512557
Geography_Spain,0.001985959131446602,0.22467864975175833
Card Type_SILVER,0.001412752708069001,-0.10462086444277899
Satisfaction Score,0.0013972796166932127,-0.5161649444997455
Gender_Male,0.001260151807878973,-0.8132243070086447
HasCrCard,0.0007509317152534183,0.6096774119783229
Geography_France,0.0006861810892577258,-0.7247714846074754
Card Type_PLATINUM,0.0002677289151461214,0.7201688861972803
Card Type_DIAMOND,0.000156246696550713,0.34084700613622515
