CreditScore,Age,Tenure,Balance,NumOfProducts,HasCrCard,IsActiveMember,EstimatedSalary,Satisfaction Score,Point Earned,Geography,Gender,Card Type
460,46,4,127559.97,2,1,1,126952.5,5,287,Germany,Male,SILVER
727,40,1,93051.64,2,1,0,71865.31,1,513,Germany,Male,SILVER
645,19,9,128514.84,1,0,0,175969.19,5,796,France,Male,GOLD
756,30,2,145127.85,1,0,0,7554.68,2,774,Spain,Male,SILVER
543,36,3,0.0,2,0,0,26019.59,2,255,France,Female,DIAMOND
653,47,6,0.0,1,1,0,50695.93,2,622,France,Male,SILVER
611,40,1,0.0,2,1,1,102547.56,2,991,France,Male,SILVER
644,37,6,117271.8,2,1,0,104217.96,5,949,France,Male,PLATINUM
782,52,4,0.0,1,1,1,52759.82,4,741,Spain,Male,GOLD
580,65,9,106804.26,3,1,0,107890.69,3,950,France,Female,GOLD
631,55,9,99685.06,1,1,0,114474.98,1,932,Spain,Male,DIAMOND
524,40,2,180516.9,1,1,0,180002.42,4,626,France,Male,GOLD
579,50,5,117721.02,1,0,1,192146.63,1,546,Germany,Female,SILVER
607,28,1,135936.1,2,1,1,110560.14,2,571,Spain,Male,SILVER
605,28,6,0.0,2,0,0,159508.52,1,468,France,Female,DIAMOND
625,36,9,108546.16,3,1,0,133807.77,5,330,France,Male,GOLD
536,35,4,121520.36,1,0,0,77178.42,3,881,Germany,Female,DIAMOND
739,29,1,0.0,2,1,1,164484.78,5,852,France,Male,DIAMOND
646,29,4,105957.44,1,1,0,15470.91,1,345,Germany,Female,PLATINUM
496,44,0,179356.28,2,1,0,2919.21,1,326,Spain,Female,PLATINUM
469,31,6,0.0,1,1,0,146213.75,3,219,Spain,Female,DIAMOND
607,35,2,0.0,2,1,1,114190.3,3,680,France,Male,SILVER
731,35,2,127862.93,2,1,0,139083.7,1,561,Germany,Male,PLATINUM
512,31,6,0.0,2,1,0,168462.26,1,264,Spain,Male,SILVER
593,46,7,98752.51,1,1,0,145560.38,3,442,France,Female,SILVER
665,44,7,0.0,2,1,1,66548.58,3,580,France,Female,GOLD
460,27,7,0.0,2,1,0,156150.08,3,299,France,Female,PLATINUM
593,35,4,161637.75,1,1,1,20008.46,1,391,Spain,Male,GOLD
418,35,7,0.0,2,1,1,88878.15,3,530,France,Male,DIAMOND
526,30,9,0.0,2,0,0,100995.68,1,518,France,Male,PLATINUM
438,54,2,0.0,1,0,0,191763.07,3,281,Spain,Female,SILVER
645,42,4,98298.18,1,1,1,676.06,4,234,France,Male,DIAMOND
721,33,4,72535.45,1,1,1,103931.49,5,739,Spain,Female,GOLD
597,42,4,64740.12,1,1,1,106841.12,5,244,France,Female,SILVER
578,30,4,169462.09,1,1,0,112187.11,5,872,France,Male,DIAMOND
618,42,2,0.0,4,0,0,111097.39,5,398,France,Female,PLATINUM
744,29,6,123737.04,2,1,0,141558.04,3,916,Germany,Male,DIAMOND
587,33,5,100116.82,1,1,0,34215.58,5,492,France,Male,SILVER
615,36,6,0.0,1,1,1,27011.8,2,566,France,Male,GOLD
707,73,6,66573.17,1,1,1,62768.8,3,884,France,Male,GOLD
767,45,7,132746.2,2,1,0,26628.88,1,313,Germany,Female,SILVER
739,40,4,0.0,2,0,0,173321.65,4,804,France,Male,GOLD
633,58,2,128137.42,2,1,0,147635.33,4,681,Germany,Male,PLATINUM
720,33,9,0.0,2,1,1,142956.48,4,296,France,Male,PLATINUM
579,43,2,145843.82,1,1,1,198402.37,2,783,Spain,Male,GOLD
686,35,2,109342.82,2,0,1,86043.27,5,663,Germany,Male,PLATINUM
540,22,4,0.0,3,1,1,186233.26,3,530,France,Male,PLATINUM
558,32,5,73494.21,1,0,0,136301.1,3,655,France,Male,DIAMOND
680,42,0,0.0,1,1,0,136377.21,3,821,Spain,Male,DIAMOND
597,28,0,142705.95,1,1,0,127233.39,4,845,France,Female,PLATINUM
703,29,9,0.0,2,1,0,50679.48,3,242,Spain,Male,DIAMOND
579,22,3,118680.57,1,1,1,49829.8,5,433,Spain,Male,SILVER
474,54,3,0.0,1,1,0,108409.17,2,427,France,Male,PLATINUM
701,41,2,0.0,1,1,0,47856.78,4,916,France,Female,GOLD
781,27,7,186558.55,1,1,1,175071.29,2,403,France,Female,GOLD
843,27,5,0.0,2,1,1,67494.23,1,557,France,Female,DIAMOND
582,43,5,153313.67,1,0,0,170563.73,4,794,France,Female,PLATINUM
642,40,7,0.0,2,1,0,10712.82,4,718,France,Female,PLATINUM
806,31,9,0.0,2,0,1,140168.36,4,315,France,Male,SILVER
650,23,4,93911.3,2,1,0,69055.45,5,774,Germany,Male,PLATINUM
845,41,2,81733.74,2,0,0,199761.29,1,359,Germany,Female,DIAMOND
733,31,6,157791.07,2,0,0,177994.81,5,845,Germany,Male,SILVER
642,38,3,0.0,2,0,0,171463.83,2,737,France,Male,GOLD
657,37,4,82500.28,1,1,1,115260.72,5,603,France,Male,SILVER
780,76,10,121313.88,1,0,1,64872.33,3,908,France,Male,DIAMOND
666,71,1,53013.29,2,1,1,112222.64,1,419,Germany,Male,GOLD
585,38,5,0.0,1,1,1,87363.56,1,822,France,Female,GOLD
688,24,3,0.0,2,1,1,102195.16,5,739,Spain,Female,DIAMOND
713,38,9,72286.84,2,1,1,26136.89,1,570,France,Male,SILVER
526,58,9,190298.89,2,1,1,191263.76,1,889,Germany,Male,DIAMOND
635,29,2,0.0,2,0,0,117173.8,1,624,Spain,Male,GOLD
599,25,6,120383.41,1,1,1,24903.09,5,648,France,Male,DIAMOND
825,37,6,118050.79,1,0,1,52301.15,5,822,Germany,Male,SILVER
688,35,6,0.0,1,1,0,25488.43,1,901,Spain,Female,SILVER
700,40,2,0.0,2,1,0,199753.97,5,654,Spain,Female,SILVER
625,44,7,0.0,1,1,0,4791.8,3,801,France,Female,SILVER
850,56,7,131317.48,1,1,1,119175.45,3,657,France,Male,SILVER
724,39,3,0.0,2,0,1,95562.81,2,918,Spain,Male,DIAMOND
556,26,4,0.0,1,1,0,195167.38,4,727,France,Male,SILVER
565,40,2,0.0,2,1,1,129956.13,3,520,France,Female,SILVER
770,45,4,110765.68,1,1,0,26163.74,1,550,Germany,Male,GOLD
744,30,1,124037.28,1,1,1,142210.94,5,334,Spain,Female,DIAMOND
588,34,6,121132.26,2,1,0,86460.28,3,468,Spain,Male,DIAMOND
621,47,0,0.0,1,1,1,133831.37,2,704,France,Male,DIAMOND
733,38,5,0.0,2,1,1,1271.51,2,770,Spain,Female,PLATINUM
624,27,7,104848.68,1,1,1,167387.36,5,734,Germany,Female,SILVER
806,34,5,113958.55,1,0,1,32125.98,3,873,France,Male,DIAMOND
644,33,9,141234.98,1,1,0,95673.05,4,796,France,Male,GOLD
774,40,9,93017.47,2,1,0,191608.97,1,354,France,Male,GOLD
709,62,3,0.0,2,1,1,82195.15,4,557,Spain,Male,SILVER
557,27,2,0.0,2,0,1,4497.55,3,803,France,Female,SILVER
713,24,7,147687.24,1,1,1,121592.5,2,306,Germany,Female,DIAMOND
498,34,2,0.0,2,1,1,148528.24,1,549,France,Male,DIAMOND
411,54,9,0.0,1,0,1,76621.49,1,739,France,Female,PLATINUM
553,33,4,118082.89,1,0,0,94440.45,4,221,France,Male,SILVER
808,67,10,124577.15,1,0,1,169894.4,5,259,Spain,Female,GOLD
594,23,5,156267.59,1,1,0,160968.44,2,871,France,Male,GOLD
563,26,7,0.0,2,0,0,6139.74,4,743,Spain,Male,DIAMOND
526,35,9,118536.4,1,1,0,40980.87,3,416,Germany,Female,DIAMOND
638,37,7,124513.66,2,1,0,158610.89,4,705,Germany,Female,PLATINUM
